{
  "meta": {
    "data_version": "1.0.0",
    "created": "2016-04-04",
    "revision": 1
  },
  "info": {
    "balls_per_over": 6,
    "city": "Kolkata",
    "dates": [
      "2016-04-03"
    ],
    "event": {
      "name": "World T20",
      "stage": "Final"
    },
    "gender": "male",
    "match_type": "T20",
    "match_type_number": 557,
    "officials": {
      "match_referees": [
        "RS Madugalle"
      ],
      "reserve_umpires": [
        "BNJ Oxenford"
      ],
      "tv_umpires": [
        "M Erasmus"
      ],
      "umpires": [
        "HDPK Dharmasena",
        "RJ Tucker"
      ]
    },
    "outcome": {
      "by": {
        "wickets": 4
      },
      "winner": "West Indies"
    },
    "overs": 20,
    "player_of_match": [
      "MN Samuels"
    ],
    "players": {
      "England": [
        "JJ Roy",
        "AD Hales",
        "JE Root",
        "EJG Morgan",
        "JC Buttler",
        "BA Stokes",
        "MM Ali",
        "CJ Jordan",
        "DJ Willey",
        "LE Plunkett",
        "AU Rashid"
      ],
      "West Indies": [
        "J Charles",
        "CH Gayle",
        "MN Samuels",
        "LMP Simmons",
        "DJ Bravo",
        "AD Russell",
        "DJG Sammy",
        "CR Brathwaite",
        "D Ramdin",
        "S Badree",
        "SJ Benn"
      ]
    },
    "registry": {
      "people": {
        "AD Hales": "92aeac25",
        "AD Russell": "bbd41817",
        "AU Rashid": "249d60c9",
        "BA Stokes": "e087956b",
        "BNJ Oxenford": "c1add349",
        "CH Gayle": "db584dad",
        "CJ Jordan": "ffe699c0",
        "CR Brathwaite": "e342e5fb",
        "D Ramdin": "d1523761",
        "DJ Bravo": "87e562a9",
        "DJ Willey": "7f048519",
        "DJG Sammy": "c03c6200",
        "EJG Morgan": "d2a6c0e6",
        "HDPK Dharmasena": "323e4c16",
        "J Charles": "09a9d073",
        "JC Buttler": "99b75528",
        "JE Root": "a343262c",
        "JJ Roy": "d1c36f5c",
        "LE Plunkett": "9a963804",
        "LMP Simmons": "89f64c19",
        "M Erasmus": "15d3c895",
        "MM Ali": "bb351c23",
        "MN Samuels": "f846de6a",
        "RJ Tucker": "38810cfc",
        "RS Madugalle": "766b5798",
        "S Badree": "76388dc8",
        "SJ Benn": "364ee2cf"
      }
    },
    "season": "2015/16",
    "team_type": "international",
    "teams": [
      "England",
      "West Indies"
    ],
    "toss": {
      "decision": "field",
      "winner": "West Indies"
    },
    "venue": "Eden Gardens"
  },
  "innings": [
    {
      "team": "England",
      "overs": [
        {
          "over": 0,
          "deliveries": [
            {
              "batter": "JJ Roy",
              "bowler": "S Badree",
              "non_striker": "AD Hales",
              "runs": {
                "batter": 0,
                "extras": 0,
                "total": 0
              }
            },
            {
              "batter": "JJ Roy",
              "bowler": "S Badree",
              "non_striker": "AD Hales",
              "runs": {
                "batter": 0,
                "extras": 0,
                "total": 0
              },
              "wickets": [
                {
                  "kind": "bowled",
                  "player_out": "JJ Roy"
                }
              ]
            },
            {
              "batter": "JE Root",
              "bowler": "S Badree",
              "non_striker": "AD Hales",
              "runs": {
                "batter": 1,
                "extras": 0,
                "total": 1
              }
            },
            {
              "batter": "AD Hales",
              "bowler": "S Badree",
              "non_striker": "JE Root",
              "runs": {
                "batter": 1,
                "extras": 0,
                "total": 1
              }
            },
            {
              "batter": "JE Root",
              "bowler": "S Badree",
              "non_striker": "AD Hales",
              "runs": {
                "batter": 4,
                "extras": 0,
                "total": 4
              }
            },
            {
              "batter": "JE Root",
              "bowler": "S Badree",
              "non_striker": "AD Hales",
              "runs": {
                "batter": 1,
                "extras": 0,
                "total": 1
              }
            }
          ]
        },
        {
          "over": 1,
          "deliveries": [
            {
              "batter": "JE Root",
              "bowler": "AD Russell",
              "non_striker": "AD Hales",
              "runs": {
                "batter": 0,
                "extras": 0,
                "total": 0
              }
            },
            {
              "batter": "JE Root",
              "bowler": "AD Russell",
              "non_striker": "AD Hales",
              "runs": {
                "batter": 0,
                "extras": 0,
                "total": 0
              }
            },
            {
              "batter": "JE Root",
              "bowler": "AD Russell",
              "non_striker": "AD Hales",
              "runs": {
                "batter": 1,
                "extras": 0,
                "total": 1
              }
            },
            {
              "batter": "AD Hales",
              "bowler": "AD Russell",
              "non_striker": "JE Root",
              "runs": {
                "batter": 0,
                "extras": 0,
                "total": 0
              }
            },
            {
              "batter": "AD Hales",
              "bowler": "AD Russell",
              "non_striker": "JE Root",
              "runs": {
                "batter": 0,
                "extras": 0,
                "total": 0
              },
              "wickets": [
                {
                  "kind": "caught",
                  "player_out": "AD Hales",
                  "fielders": [
                    {
                      "name": "S Badree"
                    }
                  ]
                }
              ]
            },
            {
              "batter": "EJG Morgan",
              "bowler": "AD Russell",
              "non_striker": "JE Root",
              "runs": {
                "batter": 0,
                "extras": 0,
                "total": 0
              }
            }
          ]
        },
        {
          "over": 2,
          "deliveries": [
            {
              "batter": "JE Root",
              "bowler": "S Badree",
              "non_striker": "EJG Morgan",
              "runs": {
                "batter": 1,
                "extras": 0,
                "total": 1
              }
            },
            {
              "batter": "EJG Morgan",
              "bowler": "S Badree",
              "non_striker": "JE Root",
              "runs": {
                "batter": 0,
                "extras": 0,
                "total": 0
              }
            },
            {
              "batter": "EJG Morgan",
              "bowler": "S Badree",
              "non_striker": "JE Root",
              "runs": {
                "batter": 0,
                "extras": 0,
                "total": 0
              }
            },
            {
              "batter": "EJG Morgan",
              "bowler": "S Badree",
              "non_striker": "JE Root",
              "runs": {
                "batter": 0,
                "extras": 0,
                "total": 0
              }
            },
            {
              "batter": "EJG Morgan",
              "bowler": "S Badree",
              "non_striker": "JE Root",
              "runs": {
                "batter": 0,
                "extras": 0,
                "total": 0
              }
            },
            {
              "batter": "EJG Morgan",
              "bowler": "S Badree",
              "non_striker": "JE Root",
              "runs": {
                "batter": 0,
                "extras": 0,
                "total": 0
              }
            }
          ]
        },
        {
          "over": 3,
          "deliveries": [
            {
              "batter": "JE Root",
              "bowler": "SJ Benn",
              "non_striker": "EJG Morgan",
              "runs": {
                "batter": 0,
                "extras": 0,
                "total": 0
              }
            },
            {
              "batter": "JE Root",
              "bowler": "SJ Benn",
              "non_striker": "EJG Morgan",
              "runs": {
                "batter": 4,
                "extras": 0,
                "total": 4
              }
            },
            {
              "batter": "JE Root",
              "bowler": "SJ Benn",
              "non_striker": "EJG Morgan",
              "runs": {
                "batter": 1,
                "extras": 0,
                "total": 1
              }
            },
            {
              "batter": "EJG Morgan",
              "bowler": "SJ Benn",
              "non_striker": "JE Root",
              "runs": {
                "batter": 4,
                "extras": 0,
                "total": 4
              }
            },
            {
              "batter": "EJG Morgan",
              "bowler": "SJ Benn",
              "non_striker": "JE Root",
              "runs": {
                "batter": 1,
                "extras": 0,
                "total": 1
              }
            },
            {
              "batter": "JE Root",
              "bowler": "SJ Benn",
              "non_striker": "EJG Morgan",
              "runs": {
                "batter": 4,
                "extras": 0,
                "total": 4
              }
            }
          ]
        },
        {
          "over": 4,
          "deliveries": [
            {
              "batter": "EJG Morgan",
              "bowler": "S Badree",
              "non_striker": "JE Root",
              "runs": {
                "batter": 0,
                "extras": 0,
                "total": 0
              }
            },
            {
              "batter": "EJG Morgan",
              "bowler": "S Badree",
              "non_striker": "JE Root",
              "runs": {
                "batter": 0,
                "extras": 0,
                "total": 0
              }
            },
            {
              "batter": "EJG Morgan",
              "bowler": "S Badree",
              "non_striker": "JE Root",
              "runs": {
                "batter": 0,
                "extras": 0,
                "total": 0
              }
            },
            {
              "batter": "EJG Morgan",
              "bowler": "S Badree",
              "non_striker": "JE Root",
              "runs": {
                "batter": 0,
                "extras": 0,
                "total": 0
              },
              "wickets": [
                {
                  "kind": "caught",
                  "player_out": "EJG Morgan",
                  "fielders": [
                    {
                      "name": "CH Gayle"
                    }
                  ]
                }
              ]
            },
            {
              "batter": "JC Buttler",
              "bowler": "S Badree",
              "non_striker": "JE Root",
              "runs": {
                "batter": 0,
                "extras": 0,
                "total": 0
              }
            },
            {
              "batter": "JC Buttler",
              "bowler": "S Badree",
              "non_striker": "JE Root",
              "runs": {
                "batter": 0,
                "extras": 0,
                "total": 0
              }
            }
          ]
        },
        {
          "over": 5,
          "deliveries": [
            {
              "batter": "JE Root",
              "bowler": "DJ Bravo",
              "non_striker": "JC Buttler",
              "runs": {
                "batter": 1,
                "extras": 0,
                "total": 1
              }
            },
            {
              "batter": "JC Buttler",
              "bowler": "DJ Bravo",
              "non_striker": "JE Root",
              "runs": {
                "batter": 4,
                "extras": 0,
                "total": 4
              }
            },
            {
              "batter": "JC Buttler",
              "bowler": "DJ Bravo",
              "non_striker": "JE Root",
              "runs": {
                "batter": 2,
                "extras": 0,
                "total": 2
              }
            },
            {
              "batter": "JC Buttler",
              "bowler": "DJ Bravo",
              "non_striker": "JE Root",
              "runs": {
                "batter": 1,
                "extras": 0,
                "total": 1
              }
            },
            {
              "batter": "JE Root",
              "bowler": "DJ Bravo",
              "non_striker": "JC Buttler",
              "runs": {
                "batter": 0,
                "extras": 0,
                "total": 0
              }
            },
            {
              "batter": "JE Root",
              "bowler": "DJ Bravo",
              "non_striker": "JC Buttler",
              "runs": {
                "batter": 2,
                "extras": 0,
                "total": 2
              }
            }
          ]
        },
        {
          "over": 6,
          "deliveries": [
            {
              "batter": "JC Buttler",
              "bowler": "S Badree",
              "non_striker": "JE Root",
              "runs": {
                "batter": 0,
                "extras": 0,
                "total": 0
              }
            },
            {
              "batter": "JC Buttler",
              "bowler": "S Badree",
              "non_striker": "JE Root",
              "runs": {
                "batter": 1,
                "extras": 0,
                "total": 1
              }
            },
            {
              "batter": "JE Root",
              "bowler": "S Badree",
              "non_striker": "JC Buttler",
              "runs": {
                "batter": 1,
                "extras": 0,
                "total": 1
              }
            },
            {
              "batter": "JC Buttler",
              "bowler": "S Badree",
              "non_striker": "JE Root",
              "runs": {
                "batter": 1,
                "extras": 0,
                "total": 1
              }
            },
            {
              "batter": "JE Root",
              "bowler": "S Badree",
              "non_striker": "JC Buttler",
              "runs": {
                "batter": 4,
                "extras": 0,
                "total": 4
              }
            },
            {
              "batter": "JE Root",
              "bowler": "S Badree",
              "non_striker": "JC Buttler",
              "runs": {
                "batter": 1,
                "extras": 0,
                "total": 1
              }
            }
          ]
        },
        {
          "over": 7,
          "deliveries": [
            {
              "batter": "JE Root",
              "bowler": "CR Brathwaite",
              "non_striker": "JC Buttler",
              "runs": {
                "batter": 2,
                "extras": 0,
                "total": 2
              }
            },
            {
              "batter": "JE Root",
              "bowler": "CR Brathwaite",
              "non_striker": "JC Buttler",
              "runs": {
                "batter": 1,
                "extras": 0,
                "total": 1
              }
            },
            {
              "batter": "JC Buttler",
              "bowler": "CR Brathwaite",
              "non_striker": "JE Root",
              "runs": {
                "batter": 1,
                "extras": 0,
                "total": 1
              }
            },
            {
              "batter": "JE Root",
              "bowler": "CR Brathwaite",
              "non_striker": "JC Buttler",
              "runs": {
                "batter": 0,
                "extras": 0,
                "total": 0
              }
            },
            {
              "batter": "JE Root",
              "bowler": "CR Brathwaite",
              "non_striker": "JC Buttler",
              "runs": {
                "batter": 1,
                "extras": 0,
                "total": 1
              }
            },
            {
              "batter": "JC Buttler",
              "bowler": "CR Brathwaite",
              "non_striker": "JE Root",
              "runs": {
                "batter": 1,
                "extras": 0,
                "total": 1
              }
            }
          ]
        },
        {
          "over": 8,
          "deliveries": [
            {
              "batter": "JC Buttler",
              "bowler": "SJ Benn",
              "non_striker": "JE Root",
              "runs": {
                "batter": 0,
                "extras": 0,
                "total": 0
              }
            },
            {
              "batter": "JC Buttler",
              "bowler": "SJ Benn",
              "non_striker": "JE Root",
              "runs": {
                "batter": 1,
                "extras": 0,
                "total": 1
              }
            },
            {
              "batter": "JE Root",
              "bowler": "SJ Benn",
              "non_striker": "JC Buttler",
              "runs": {
                "batter": 1,
                "extras": 0,
                "total": 1
              }
            },
            {
              "batter": "JC Buttler",
              "bowler": "SJ Benn",
              "non_striker": "JE Root",
              "runs": {
                "batter": 6,
                "extras": 0,
                "total": 6
              }
            },
            {
              "batter": "JC Buttler",
              "bowler": "SJ Benn",
              "non_striker": "JE Root",
              "runs": {
                "batter": 2,
                "extras": 0,
                "total": 2
              }
            },
            {
              "batter": "JC Buttler",
              "bowler": "SJ Benn",
              "non_striker": "JE Root",
              "runs": {
                "batter": 0,
                "extras": 0,
                "total": 0
              }
            }
          ]
        },
        {
          "over": 9,
          "deliveries": [
            {
              "batter": "JE Root",
              "bowler": "AD Russell",
              "non_striker": "JC Buttler",
              "runs": {
                "batter": 2,
                "extras": 0,
                "total": 2
              }
            },
            {
              "batter": "JE Root",
              "bowler": "AD Russell",
              "non_striker": "JC Buttler",
              "runs": {
                "batter": 1,
                "extras": 0,
                "total": 1
              }
            },
            {
              "batter": "JC Buttler",
              "bowler": "AD Russell",
              "non_striker": "JE Root",
              "runs": {
                "batter": 1,
                "extras": 0,
                "total": 1
              }
            },
            {
              "batter": "JE Root",
              "bowler": "AD Russell",
              "non_striker": "JC Buttler",
              "runs": {
                "batter": 4,
                "extras": 0,
                "total": 4
              }
            },
            {
              "batter": "JE Root",
              "bowler": "AD Russell",
              "non_striker": "JC Buttler",
              "runs": {
                "batter": 1,
                "extras": 0,
                "total": 1
              }
            },
            {
              "batter": "JC Buttler",
              "bowler": "AD Russell",
              "non_striker": "JE Root",
              "runs": {
                "batter": 1,
                "extras": 0,
                "total": 1
              }
            }
          ]
        },
        {
          "over": 10,
          "deliveries": [
            {
              "batter": "JC Buttler",
              "bowler": "SJ Benn",
              "non_striker": "JE Root",
              "runs": {
                "batter": 6,
                "extras": 0,
                "total": 6
              }
            },
            {
              "batter": "JC Buttler",
              "bowler": "SJ Benn",
              "non_striker": "JE Root",
              "runs": {
                "batter": 6,
                "extras": 0,
                "total": 6
              }
            },
            {
              "batter": "JC Buttler",
              "bowler": "SJ Benn",
              "non_striker": "JE Root",
              "runs": {
                "batter": 1,
                "extras": 0,
                "total": 1
              }
            },
            {
              "batter": "JE Root",
              "bowler": "SJ Benn",
              "non_striker": "JC Buttler",
              "runs": {
                "batter": 1,
                "extras": 0,
                "total": 1
              }
            },
            {
              "batter": "JC Buttler",
              "bowler": "SJ Benn",
              "non_striker": "JE Root",
              "runs": {
                "batter": 1,
                "extras": 0,
                "total": 1
              }
            },
            {
              "batter": "JE Root",
              "bowler": "SJ Benn",
              "non_striker": "JC Buttler",
              "runs": {
                "batter": 1,
                "extras": 0,
                "total": 1
              }
            }
          ]
        },
        {
          "over": 11,
          "deliveries": [
            {
              "batter": "JE Root",
              "bowler": "CR Brathwaite",
              "non_striker": "JC Buttler",
              "runs": {
                "batter": 1,
                "extras": 0,
                "total": 1
              }
            },
            {
              "batter": "JC Buttler",
              "bowler": "CR Brathwaite",
              "non_striker": "JE Root",
              "runs": {
                "batter": 0,
                "extras": 0,
                "total": 0
              },
              "wickets": [
                {
                  "kind": "caught",
                  "player_out": "JC Buttler",
                  "fielders": [
                    {
                      "name": "DJ Bravo"
                    }
                  ]
                }
              ]
            },
            {
              "batter": "BA Stokes",
              "bowler": "CR Brathwaite",
              "non_striker": "JE Root",
              "runs": {
                "batter": 2,
                "extras": 0,
                "total": 2
              }
            },
            {
              "batter": "BA Stokes",
              "bowler": "CR Brathwaite",
              "non_striker": "JE Root",
              "runs": {
                "batter": 1,
                "extras": 0,
                "total": 1
              }
            },
            {
              "batter": "JE Root",
              "bowler": "CR Brathwaite",
              "non_striker": "BA Stokes",
              "runs": {
                "batter": 1,
                "extras": 0,
                "total": 1
              }
            },
            {
              "batter": "BA Stokes",
              "bowler": "CR Brathwaite",
              "non_striker": "JE Root",
              "runs": {
                "batter": 1,
                "extras": 0,
                "total": 1
              }
            }
          ]
        },
        {
          "over": 12,
          "deliveries": [
            {
              "batter": "BA Stokes",
              "bowler": "DJG Sammy",
              "non_striker": "JE Root",
              "runs": {
                "batter": 1,
                "extras": 0,
                "total": 1
              }
            },
            {
              "batter": "JE Root",
              "bowler": "DJG Sammy",
              "non_striker": "BA Stokes",
              "runs": {
                "batter": 2,
                "extras": 0,
                "total": 2
              }
            },
            {
              "batter": "JE Root",
              "bowler": "DJG Sammy",
              "non_striker": "BA Stokes",
              "runs": {
                "batter": 4,
                "extras": 0,
                "total": 4
              }
            },
            {
              "batter": "JE Root",
              "bowler": "DJG Sammy",
              "non_striker": "BA Stokes",
              "runs": {
                "batter": 1,
                "extras": 0,
                "total": 1
              }
            },
            {
              "batter": "BA Stokes",
              "bowler": "DJG Sammy",
              "non_striker": "JE Root",
              "runs": {
                "batter": 4,
                "extras": 0,
                "total": 4
              }
            },
            {
              "batter": "BA Stokes",
              "bowler": "DJG Sammy",
              "non_striker": "JE Root",
              "runs": {
                "batter": 2,
                "extras": 0,
                "total": 2
              }
            }
          ]
        },
        {
          "over": 13,
          "deliveries": [
            {
              "batter": "JE Root",
              "bowler": "DJ Bravo",
              "non_striker": "BA Stokes",
              "runs": {
                "batter": 4,
                "extras": 0,
                "total": 4
              }
            },
            {
              "batter": "JE Root",
              "bowler": "DJ Bravo",
              "extras": {
                "legbyes": 1
              },
              "non_striker": "BA Stokes",
              "runs": {
                "batter": 0,
                "extras": 1,
                "total": 1
              }
            },
            {
              "batter": "BA Stokes",
              "bowler": "DJ Bravo",
              "non_striker": "JE Root",
              "runs": {
                "batter": 2,
                "extras": 0,
                "total": 2
              }
            },
            {
              "batter": "BA Stokes",
              "bowler": "DJ Bravo",
              "non_striker": "JE Root",
              "runs": {
                "batter": 0,
                "extras": 0,
                "total": 0
              },
              "wickets": [
                {
                  "kind": "caught",
                  "player_out": "BA Stokes",
                  "fielders": [
                    {
                      "name": "LMP Simmons"
                    }
                  ]
                }
              ]
            },
            {
              "batter": "MM Ali",
              "bowler": "DJ Bravo",
              "non_striker": "JE Root",
              "runs": {
                "batter": 0,
                "extras": 0,
                "total": 0
              }
            },
            {
              "batter": "MM Ali",
              "bowler": "DJ Bravo",
              "non_striker": "JE Root",
              "runs": {
                "batter": 0,
                "extras": 0,
                "total": 0
              },
              "wickets": [
                {
                  "kind": "caught",
                  "player_out": "MM Ali",
                  "fielders": [
                    {
                      "name": "D Ramdin"
                    }
                  ]
                }
              ]
            }
          ]
        },
        {
          "over": 14,
          "deliveries": [
            {
              "batter": "JE Root",
              "bowler": "CR Brathwaite",
              "extras": {
                "wides": 1
              },
              "non_striker": "CJ Jordan",
              "runs": {
                "batter": 0,
                "extras": 1,
                "total": 1
              }
            },
            {
              "batter": "JE Root",
              "bowler": "CR Brathwaite",
              "non_striker": "CJ Jordan",
              "runs": {
                "batter": 0,
                "extras": 0,
                "total": 0
              },
              "wickets": [
                {
                  "kind": "caught",
                  "player_out": "JE Root",
                  "fielders": [
                    {
                      "name": "SJ Benn"
                    }
                  ]
                }
              ]
            },
            {
              "batter": "DJ Willey",
              "bowler": "CR Brathwaite",
              "non_striker": "CJ Jordan",
              "runs": {
                "batter": 2,
                "extras": 0,
                "total": 2
              }
            },
            {
              "batter": "DJ Willey",
              "bowler": "CR Brathwaite",
              "non_striker": "CJ Jordan",
              "runs": {
                "batter": 0,
                "extras": 0,
                "total": 0
              }
            },
            {
              "batter": "DJ Willey",
              "bowler": "CR Brathwaite",
              "non_striker": "CJ Jordan",
              "runs": {
                "batter": 1,
                "extras": 0,
                "total": 1
              }
            },
            {
              "batter": "CJ Jordan",
              "bowler": "CR Brathwaite",
              "non_striker": "DJ Willey",
              "runs": {
                "batter": 0,
                "extras": 0,
                "total": 0
              }
            },
            {
              "batter": "CJ Jordan",
              "bowler": "CR Brathwaite",
              "non_striker": "DJ Willey",
              "runs": {
                "batter": 1,
                "extras": 0,
                "total": 1
              }
            }
          ]
        },
        {
          "over": 15,
          "deliveries": [
            {
              "batter": "CJ Jordan",
              "bowler": "AD Russell",
              "extras": {
                "legbyes": 1
              },
              "non_striker": "DJ Willey",
              "runs": {
                "batter": 0,
                "extras": 1,
                "total": 1
              }
            },
            {
              "batter": "DJ Willey",
              "bowler": "AD Russell",
              "non_striker": "CJ Jordan",
              "runs": {
                "batter": 0,
                "extras": 0,
                "total": 0
              }
            },
            {
              "batter": "DJ Willey",
              "bowler": "AD Russell",
              "non_striker": "CJ Jordan",
              "runs": {
                "batter": 0,
                "extras": 0,
                "total": 0
              }
            },
            {
              "batter": "DJ Willey",
              "bowler": "AD Russell",
              "non_striker": "CJ Jordan",
              "runs": {
                "batter": 0,
                "extras": 0,
                "total": 0
              }
            },
            {
              "batter": "DJ Willey",
              "bowler": "AD Russell",
              "non_striker": "CJ Jordan",
              "runs": {
                "batter": 1,
                "extras": 0,
                "total": 1
              }
            },
            {
              "batter": "CJ Jordan",
              "bowler": "AD Russell",
              "non_striker": "DJ Willey",
              "runs": {
                "batter": 0,
                "extras": 0,
                "total": 0
              }
            }
          ]
        },
        {
          "over": 16,
          "deliveries": [
            {
              "batter": "DJ Willey",
              "bowler": "DJ Bravo",
              "non_striker": "CJ Jordan",
              "runs": {
                "batter": 0,
                "extras": 0,
                "total": 0
              }
            },
            {
              "batter": "DJ Willey",
              "bowler": "DJ Bravo",
              "non_striker": "CJ Jordan",
              "runs": {
                "batter": 6,
                "extras": 0,
                "total": 6
              }
            },
            {
              "batter": "DJ Willey",
              "bowler": "DJ Bravo",
              "non_striker": "CJ Jordan",
              "runs": {
                "batter": 0,
                "extras": 0,
                "total": 0
              }
            },
            {
              "batter": "DJ Willey",
              "bowler": "DJ Bravo",
              "non_striker": "CJ Jordan",
              "runs": {
                "batter": 1,
                "extras": 0,
                "total": 1
              }
            },
            {
              "batter": "CJ Jordan",
              "bowler": "DJ Bravo",
              "non_striker": "DJ Willey",
              "runs": {
                "batter": 1,
                "extras": 0,
                "total": 1
              }
            },
            {
              "batter": "DJ Willey",
              "bowler": "DJ Bravo",
              "non_striker": "CJ Jordan",
              "runs": {
                "batter": 6,
                "extras": 0,
                "total": 6
              }
            }
          ]
        },
        {
          "over": 17,
          "deliveries": [
            {
              "batter": "CJ Jordan",
              "bowler": "CR Brathwaite",
              "non_striker": "DJ Willey",
              "runs": {
                "batter": 1,
                "extras": 0,
                "total": 1
              }
            },
            {
              "batter": "DJ Willey",
              "bowler": "CR Brathwaite",
              "non_striker": "CJ Jordan",
              "runs": {
                "batter": 4,
                "extras": 0,
                "total": 4
              }
            },
            {
              "batter": "DJ Willey",
              "bowler": "CR Brathwaite",
              "non_striker": "CJ Jordan",
              "runs": {
                "batter": 0,
                "extras": 0,
                "total": 0
              },
              "wickets": [
                {
                  "kind": "caught",
                  "player_out": "DJ Willey",
                  "fielders": [
                    {
                      "name": "J Charles"
                    }
                  ]
                }
              ]
            },
            {
              "batter": "CJ Jordan",
              "bowler": "CR Brathwaite",
              "non_striker": "LE Plunkett",
              "runs": {
                "batter": 1,
                "extras": 0,
                "total": 1
              }
            },
            {
              "batter": "LE Plunkett",
              "bowler": "CR Brathwaite",
              "extras": {
                "legbyes": 1
              },
              "non_striker": "CJ Jordan",
              "runs": {
                "batter": 0,
                "extras": 1,
                "total": 1
              }
            },
            {
              "batter": "CJ Jordan",
              "bowler": "CR Brathwaite",
              "non_striker": "LE Plunkett",
              "runs": {
                "batter": 0,
                "extras": 0,
                "total": 0
              }
            }
          ]
        },
        {
          "over": 18,
          "deliveries": [
            {
              "batter": "LE Plunkett",
              "bowler": "DJ Bravo",
              "non_striker": "CJ Jordan",
              "runs": {
                "batter": 2,
                "extras": 0,
                "total": 2
              }
            },
            {
              "batter": "LE Plunkett",
              "bowler": "DJ Bravo",
              "non_striker": "CJ Jordan",
              "runs": {
                "batter": 2,
                "extras": 0,
                "total": 2
              }
            },
            {
              "batter": "LE Plunkett",
              "bowler": "DJ Bravo",
              "non_striker": "CJ Jordan",
              "runs": {
                "batter": 0,
                "extras": 0,
                "total": 0
              },
              "wickets": [
                {
                  "kind": "caught",
                  "player_out": "LE Plunkett",
                  "fielders": [
                    {
                      "name": "S Badree"
                    }
                  ]
                }
              ]
            },
            {
              "batter": "AU Rashid",
              "bowler": "DJ Bravo",
              "non_striker": "CJ Jordan",
              "runs": {
                "batter": 1,
                "extras": 0,
                "total": 1
              }
            },
            {
              "batter": "CJ Jordan",
              "bowler": "DJ Bravo",
              "non_striker": "AU Rashid",
              "runs": {
                "batter": 1,
                "extras": 0,
                "total": 1
              }
            },
            {
              "batter": "AU Rashid",
              "bowler": "DJ Bravo",
              "non_striker": "CJ Jordan",
              "runs": {
                "batter": 1,
                "extras": 0,
                "total": 1
              }
            }
          ]
        },
        {
          "over": 19,
          "deliveries": [
            {
              "batter": "AU Rashid",
              "bowler": "AD Russell",
              "extras": {
                "legbyes": 1
              },
              "non_striker": "CJ Jordan",
              "runs": {
                "batter": 0,
                "extras": 1,
                "total": 1
              }
            },
            {
              "batter": "CJ Jordan",
              "bowler": "AD Russell",
              "non_striker": "AU Rashid",
              "runs": {
                "batter": 0,
                "extras": 0,
                "total": 0
              }
            },
            {
              "batter": "CJ Jordan",
              "bowler": "AD Russell",
              "non_striker": "AU Rashid",
              "runs": {
                "batter": 4,
                "extras": 0,
                "total": 4
              }
            },
            {
              "batter": "CJ Jordan",
              "bowler": "AD Russell",
              "non_striker": "AU Rashid",
              "runs": {
                "batter": 2,
                "extras": 0,
                "total": 2
              }
            },
            {
              "batter": "CJ Jordan",
              "bowler": "AD Russell",
              "non_striker": "AU Rashid",
              "runs": {
                "batter": 1,
                "extras": 0,
                "total": 1
              }
            },
            {
              "batter": "AU Rashid",
              "bowler": "AD Russell",
              "non_striker": "CJ Jordan",
              "runs": {
                "batter": 2,
                "extras": 0,
                "total": 2
              }
            }
          ]
        }
      ],
      "powerplays": [
        {
          "from": 0.1,
          "to": 5.6,
          "type": "mandatory"
        }
      ]
    },
    {
      "team": "West Indies",
      "overs": [
        {
          "over": 0,
          "deliveries": [
            {
              "batter": "J Charles",
              "bowler": "DJ Willey",
              "non_striker": "CH Gayle",
              "runs": {
                "batter": 0,
                "extras": 0,
                "total": 0
              }
            },
            {
              "batter": "J Charles",
              "bowler": "DJ Willey",
              "non_striker": "CH Gayle",
              "runs": {
                "batter": 0,
                "extras": 0,
                "total": 0
              }
            },
            {
              "batter": "J Charles",
              "bowler": "DJ Willey",
              "non_striker": "CH Gayle",
              "runs": {
                "batter": 0,
                "extras": 0,
                "total": 0
              }
            },
            {
              "batter": "J Charles",
              "bowler": "DJ Willey",
              "non_striker": "CH Gayle",
              "runs": {
                "batter": 0,
                "extras": 0,
                "total": 0
              }
            },
            {
              "batter": "J Charles",
              "bowler": "DJ Willey",
              "non_striker": "CH Gayle",
              "runs": {
                "batter": 0,
                "extras": 0,
                "total": 0
              }
            },
            {
              "batter": "J Charles",
              "bowler": "DJ Willey",
              "non_striker": "CH Gayle",
              "runs": {
                "batter": 1,
                "extras": 0,
                "total": 1
              }
            }
          ]
        },
        {
          "over": 1,
          "deliveries": [
            {
              "batter": "J Charles",
              "bowler": "JE Root",
              "non_striker": "CH Gayle",
              "runs": {
                "batter": 0,
                "extras": 0,
                "total": 0
              },
              "wickets": [
                {
                  "kind": "caught",
                  "player_out": "J Charles",
                  "fielders": [
                    {
                      "name": "BA Stokes"
                    }
                  ]
                }
              ]
            },
            {
              "batter": "CH Gayle",
              "bowler": "JE Root",
              "non_striker": "MN Samuels",
              "runs": {
                "batter": 4,
                "extras": 0,
                "total": 4
              }
            },
            {
              "batter": "CH Gayle",
              "bowler": "JE Root",
              "non_striker": "MN Samuels",
              "runs": {
                "batter": 0,
                "extras": 0,
                "total": 0
              },
              "wickets": [
                {
                  "kind": "caught",
                  "player_out": "CH Gayle",
                  "fielders": [
                    {
                      "name": "BA Stokes"
                    }
                  ]
                }
              ]
            },
            {
              "batter": "MN Samuels",
              "bowler": "JE Root",
              "non_striker": "LMP Simmons",
              "runs": {
                "batter": 0,
                "extras": 0,
                "total": 0
              }
            },
            {
              "batter": "MN Samuels",
              "bowler": "JE Root",
              "non_striker": "LMP Simmons",
              "runs": {
                "batter": 4,
                "extras": 0,
                "total": 4
              }
            },
            {
              "batter": "MN Samuels",
              "bowler": "JE Root",
              "non_striker": "LMP Simmons",
              "runs": {
                "batter": 1,
                "extras": 0,
                "total": 1
              }
            }
          ]
        },
        {
          "over": 2,
          "deliveries": [
            {
              "batter": "MN Samuels",
              "bowler": "DJ Willey",
              "non_striker": "LMP Simmons",
              "runs": {
                "batter": 0,
                "extras": 0,
                "total": 0
              }
            },
            {
              "batter": "MN Samuels",
              "bowler": "DJ Willey",
              "non_striker": "LMP Simmons",
              "runs": {
                "batter": 1,
                "extras": 0,
                "total": 1
              }
            },
            {
              "batter": "LMP Simmons",
              "bowler": "DJ Willey",
              "non_striker": "MN Samuels",
              "runs": {
                "batter": 0,
                "extras": 0,
                "total": 0
              },
              "wickets": [
                {
                  "kind": "lbw",
                  "player_out": "LMP Simmons"
                }
              ]
            },
            {
              "batter": "DJ Bravo",
              "bowler": "DJ Willey",
              "extras": {
                "legbyes": 1
              },
              "non_striker": "MN Samuels",
              "runs": {
                "batter": 0,
                "extras": 1,
                "total": 1
              }
            },
            {
              "batter": "MN Samuels",
              "bowler": "DJ Willey",
              "non_striker": "DJ Bravo",
              "runs": {
                "batter": 1,
                "extras": 0,
                "total": 1
              }
            },
            {
              "batter": "DJ Bravo",
              "bowler": "DJ Willey",
              "non_striker": "MN Samuels",
              "runs": {
                "batter": 0,
                "extras": 0,
                "total": 0
              }
            }
          ]
        },
        {
          "over": 3,
          "deliveries": [
            {
              "batter": "MN Samuels",
              "bowler": "CJ Jordan",
              "non_striker": "DJ Bravo",
              "runs": {
                "batter": 1,
                "extras": 0,
                "total": 1
              }
            },
            {
              "batter": "DJ Bravo",
              "bowler": "CJ Jordan",
              "non_striker": "MN Samuels",
              "runs": {
                "batter": 1,
                "extras": 0,
                "total": 1
              }
            },
            {
              "batter": "MN Samuels",
              "bowler": "CJ Jordan",
              "non_striker": "DJ Bravo",
              "runs": {
                "batter": 1,
                "extras": 0,
                "total": 1
              }
            },
            {
              "batter": "DJ Bravo",
              "bowler": "CJ Jordan",
              "non_striker": "MN Samuels",
              "runs": {
                "batter": 0,
                "extras": 0,
                "total": 0
              }
            },
            {
              "batter": "DJ Bravo",
              "bowler": "CJ Jordan",
              "non_striker": "MN Samuels",
              "runs": {
                "batter": 1,
                "extras": 0,
                "total": 1
              }
            },
            {
              "batter": "MN Samuels",
              "bowler": "CJ Jordan",
              "non_striker": "DJ Bravo",
              "runs": {
                "batter": 1,
                "extras": 0,
                "total": 1
              }
            }
          ]
        },
        {
          "over": 4,
          "deliveries": [
            {
              "batter": "MN Samuels",
              "bowler": "LE Plunkett",
              "non_striker": "DJ Bravo",
              "runs": {
                "batter": 0,
                "extras": 0,
                "total": 0
              }
            },
            {
              "batter": "MN Samuels",
              "bowler": "LE Plunkett",
              "non_striker": "DJ Bravo",
              "runs": {
                "batter": 0,
                "extras": 0,
                "total": 0
              }
            },
            {
              "batter": "MN Samuels",
              "bowler": "LE Plunkett",
              "non_striker": "DJ Bravo",
              "runs": {
                "batter": 0,
                "extras": 0,
                "total": 0
              }
            },
            {
              "batter": "MN Samuels",
              "bowler": "LE Plunkett",
              "non_striker": "DJ Bravo",
              "runs": {
                "batter": 1,
                "extras": 0,
                "total": 1
              }
            },
            {
              "batter": "DJ Bravo",
              "bowler": "LE Plunkett",
              "extras": {
                "legbyes": 1
              },
              "non_striker": "MN Samuels",
              "runs": {
                "batter": 0,
                "extras": 1,
                "total": 1
              }
            },
            {
              "batter": "MN Samuels",
              "bowler": "LE Plunkett",
              "non_striker": "DJ Bravo",
              "runs": {
                "batter": 1,
                "extras": 0,
                "total": 1
              }
            }
          ]
        },
        {
          "over": 5,
          "deliveries": [
            {
              "batter": "MN Samuels",
              "bowler": "CJ Jordan",
              "non_striker": "DJ Bravo",
              "runs": {
                "batter": 4,
                "extras": 0,
                "total": 4
              }
            },
            {
              "batter": "MN Samuels",
              "bowler": "CJ Jordan",
              "non_striker": "DJ Bravo",
              "runs": {
                "batter": 4,
                "extras": 0,
                "total": 4
              }
            },
            {
              "batter": "MN Samuels",
              "bowler": "CJ Jordan",
              "non_striker": "DJ Bravo",
              "runs": {
                "batter": 2,
                "extras": 0,
                "total": 2
              }
            },
            {
              "batter": "MN Samuels",
              "bowler": "CJ Jordan",
              "non_striker": "DJ Bravo",
              "runs": {
                "batter": 4,
                "extras": 0,
                "total": 4
              }
            },
            {
              "batter": "MN Samuels",
              "bowler": "CJ Jordan",
              "extras": {
                "wides": 1
              },
              "non_striker": "DJ Bravo",
              "runs": {
                "batter": 0,
                "extras": 1,
                "total": 1
              }
            },
            {
              "batter": "MN Samuels",
              "bowler": "CJ Jordan",
              "non_striker": "DJ Bravo",
              "runs": {
                "batter": 0,
                "extras": 0,
                "total": 0
              }
            },
            {
              "batter": "MN Samuels",
              "bowler": "CJ Jordan",
              "non_striker": "DJ Bravo",
              "runs": {
                "batter": 1,
                "extras": 0,
                "total": 1
              }
            }
          ]
        },
        {
          "over": 6,
          "deliveries": [
            {
              "batter": "MN Samuels",
              "bowler": "LE Plunkett",
              "non_striker": "DJ Bravo",
              "runs": {
                "batter": 0,
                "extras": 0,
                "total": 0
              }
            },
            {
              "batter": "MN Samuels",
              "bowler": "LE Plunkett",
              "non_striker": "DJ Bravo",
              "runs": {
                "batter": 0,
                "extras": 0,
                "total": 0
              }
            },
            {
              "batter": "MN Samuels",
              "bowler": "LE Plunkett",
              "non_striker": "DJ Bravo",
              "runs": {
                "batter": 1,
                "extras": 0,
                "total": 1
              }
            },
            {
              "batter": "DJ Bravo",
              "bowler": "LE Plunkett",
              "non_striker": "MN Samuels",
              "runs": {
                "batter": 0,
                "extras": 0,
                "total": 0
              }
            },
            {
              "batter": "DJ Bravo",
              "bowler": "LE Plunkett",
              "non_striker": "MN Samuels",
              "runs": {
                "batter": 1,
                "extras": 0,
                "total": 1
              }
            },
            {
              "batter": "MN Samuels",
              "bowler": "LE Plunkett",
              "non_striker": "DJ Bravo",
              "runs": {
                "batter": 0,
                "extras": 0,
                "total": 0
              }
            }
          ]
        },
        {
          "over": 7,
          "deliveries": [
            {
              "batter": "DJ Bravo",
              "bowler": "AU Rashid",
              "non_striker": "MN Samuels",
              "runs": {
                "batter": 0,
                "extras": 0,
                "total": 0
              }
            },
            {
              "batter": "DJ Bravo",
              "bowler": "AU Rashid",
              "non_striker": "MN Samuels",
              "runs": {
                "batter": 0,
                "extras": 0,
                "total": 0
              }
            },
            {
              "batter": "DJ Bravo",
              "bowler": "AU Rashid",
              "non_striker": "MN Samuels",
              "runs": {
                "batter": 1,
                "extras": 0,
                "total": 1
              }
            },
            {
              "batter": "MN Samuels",
              "bowler": "AU Rashid",
              "non_striker": "DJ Bravo",
              "runs": {
                "batter": 1,
                "extras": 0,
                "total": 1
              }
            },
            {
              "batter": "DJ Bravo",
              "bowler": "AU Rashid",
              "non_striker": "MN Samuels",
              "runs": {
                "batter": 1,
                "extras": 0,
                "total": 1
              }
            },
            {
              "batter": "MN Samuels",
              "bowler": "AU Rashid",
              "non_striker": "DJ Bravo",
              "runs": {
                "batter": 1,
                "extras": 0,
                "total": 1
              }
            }
          ]
        },
        {
          "over": 8,
          "deliveries": [
            {
              "batter": "MN Samuels",
              "bowler": "LE Plunkett",
              "non_striker": "DJ Bravo",
              "runs": {
                "batter": 4,
                "extras": 0,
                "total": 4
              }
            },
            {
              "batter": "MN Samuels",
              "bowler": "LE Plunkett",
              "non_striker": "DJ Bravo",
              "runs": {
                "batter": 0,
                "extras": 0,
                "total": 0
              }
            },
            {
              "batter": "MN Samuels",
              "bowler": "LE Plunkett",
              "non_striker": "DJ Bravo",
              "runs": {
                "batter": 1,
                "extras": 0,
                "total": 1
              }
            },
            {
              "batter": "DJ Bravo",
              "bowler": "LE Plunkett",
              "extras": {
                "wides": 1
              },
              "non_striker": "MN Samuels",
              "runs": {
                "batter": 0,
                "extras": 1,
                "total": 1
              }
            },
            {
              "batter": "DJ Bravo",
              "bowler": "LE Plunkett",
              "non_striker": "MN Samuels",
              "runs": {
                "batter": 0,
                "extras": 0,
                "total": 0
              }
            },
            {
              "batter": "DJ Bravo",
              "bowler": "LE Plunkett",
              "non_striker": "MN Samuels",
              "runs": {
                "batter": 1,
                "extras": 0,
                "total": 1
              }
            },
            {
              "batter": "MN Samuels",
              "bowler": "LE Plunkett",
              "non_striker": "DJ Bravo",
              "runs": {
                "batter": 0,
                "extras": 0,
                "total": 0
              }
            }
          ]
        },
        {
          "over": 9,
          "deliveries": [
            {
              "batter": "DJ Bravo",
              "bowler": "AU Rashid",
              "non_striker": "MN Samuels",
              "runs": {
                "batter": 1,
                "extras": 0,
                "total": 1
              }
            },
            {
              "batter": "MN Samuels",
              "bowler": "AU Rashid",
              "non_striker": "DJ Bravo",
              "runs": {
                "batter": 0,
                "extras": 0,
                "total": 0
              }
            },
            {
              "batter": "MN Samuels",
              "bowler": "AU Rashid",
              "non_striker": "DJ Bravo",
              "runs": {
                "batter": 1,
                "extras": 0,
                "total": 1
              }
            },
            {
              "batter": "DJ Bravo",
              "bowler": "AU Rashid",
              "non_striker": "MN Samuels",
              "runs": {
                "batter": 1,
                "extras": 0,
                "total": 1
              }
            },
            {
              "batter": "MN Samuels",
              "bowler": "AU Rashid",
              "non_striker": "DJ Bravo",
              "runs": {
                "batter": 0,
                "extras": 0,
                "total": 0
              }
            },
            {
              "batter": "MN Samuels",
              "bowler": "AU Rashid",
              "non_striker": "DJ Bravo",
              "runs": {
                "batter": 1,
                "extras": 0,
                "total": 1
              }
            }
          ]
        },
        {
          "over": 10,
          "deliveries": [
            {
              "batter": "MN Samuels",
              "bowler": "BA Stokes",
              "non_striker": "DJ Bravo",
              "runs": {
                "batter": 4,
                "extras": 0,
                "total": 4
              }
            },
            {
              "batter": "MN Samuels",
              "bowler": "BA Stokes",
              "non_striker": "DJ Bravo",
              "runs": {
                "batter": 0,
                "extras": 0,
                "total": 0
              }
            },
            {
              "batter": "MN Samuels",
              "bowler": "BA Stokes",
              "extras": {
                "wides": 1
              },
              "non_striker": "DJ Bravo",
              "runs": {
                "batter": 0,
                "extras": 1,
                "total": 1
              }
            },
            {
              "batter": "MN Samuels",
              "bowler": "BA Stokes",
              "non_striker": "DJ Bravo",
              "runs": {
                "batter": 1,
                "extras": 0,
                "total": 1
              }
            },
            {
              "batter": "DJ Bravo",
              "bowler": "BA Stokes",
              "non_striker": "MN Samuels",
              "runs": {
                "batter": 1,
                "extras": 0,
                "total": 1
              }
            },
            {
              "batter": "MN Samuels",
              "bowler": "BA Stokes",
              "non_striker": "DJ Bravo",
              "runs": {
                "batter": 0,
                "extras": 0,
                "total": 0
              }
            },
            {
              "batter": "MN Samuels",
              "bowler": "BA Stokes",
              "non_striker": "DJ Bravo",
              "runs": {
                "batter": 1,
                "extras": 0,
                "total": 1
              }
            }
          ]
        },
        {
          "over": 11,
          "deliveries": [
            {
              "batter": "MN Samuels",
              "bowler": "AU Rashid",
              "non_striker": "DJ Bravo",
              "runs": {
                "batter": 1,
                "extras": 0,
                "total": 1
              }
            },
            {
              "batter": "DJ Bravo",
              "bowler": "AU Rashid",
              "non_striker": "MN Samuels",
              "runs": {
                "batter": 1,
                "extras": 0,
                "total": 1
              }
            },
            {
              "batter": "MN Samuels",
              "bowler": "AU Rashid",
              "non_striker": "DJ Bravo",
              "runs": {
                "batter": 0,
                "extras": 0,
                "total": 0
              }
            },
            {
              "batter": "MN Samuels",
              "bowler": "AU Rashid",
              "non_striker": "DJ Bravo",
              "runs": {
                "batter": 1,
                "extras": 0,
                "total": 1
              }
            },
            {
              "batter": "DJ Bravo",
              "bowler": "AU Rashid",
              "non_striker": "MN Samuels",
              "runs": {
                "batter": 1,
                "extras": 0,
                "total": 1
              }
            },
            {
              "batter": "MN Samuels",
              "bowler": "AU Rashid",
              "non_striker": "DJ Bravo",
              "runs": {
                "batter": 1,
                "extras": 0,
                "total": 1
              }
            }
          ]
        },
        {
          "over": 12,
          "deliveries": [
            {
              "batter": "MN Samuels",
              "bowler": "BA Stokes",
              "non_striker": "DJ Bravo",
              "runs": {
                "batter": 1,
                "extras": 0,
                "total": 1
              }
            },
            {
              "batter": "DJ Bravo",
              "bowler": "BA Stokes",
              "extras": {
                "wides": 1
              },
              "non_striker": "MN Samuels",
              "runs": {
                "batter": 0,
                "extras": 1,
                "total": 1
              }
            },
            {
              "batter": "DJ Bravo",
              "bowler": "BA Stokes",
              "non_striker": "MN Samuels",
              "runs": {
                "batter": 0,
                "extras": 0,
                "total": 0
              }
            },
            {
              "batter": "DJ Bravo",
              "bowler": "BA Stokes",
              "non_striker": "MN Samuels",
              "runs": {
                "batter": 4,
                "extras": 0,
                "total": 4
              }
            },
            {
              "batter": "DJ Bravo",
              "bowler": "BA Stokes",
              "non_striker": "MN Samuels",
              "runs": {
                "batter": 1,
                "extras": 0,
                "total": 1
              }
            },
            {
              "batter": "MN Samuels",
              "bowler": "BA Stokes",
              "non_striker": "DJ Bravo",
              "runs": {
                "batter": 1,
                "extras": 0,
                "total": 1
              }
            },
            {
              "batter": "DJ Bravo",
              "bowler": "BA Stokes",
              "non_striker": "MN Samuels",
              "runs": {
                "batter": 1,
                "extras": 0,
                "total": 1
              }
            }
          ]
        },
        {
          "over": 13,
          "deliveries": [
            {
              "batter": "DJ Bravo",
              "bowler": "AU Rashid",
              "non_striker": "MN Samuels",
              "runs": {
                "batter": 1,
                "extras": 0,
                "total": 1
              }
            },
            {
              "batter": "MN Samuels",
              "bowler": "AU Rashid",
              "non_striker": "DJ Bravo",
              "runs": {
                "batter": 1,
                "extras": 0,
                "total": 1
              }
            },
            {
              "batter": "DJ Bravo",
              "bowler": "AU Rashid",
              "non_striker": "MN Samuels",
              "runs": {
                "batter": 6,
                "extras": 0,
                "total": 6
              }
            },
            {
              "batter": "DJ Bravo",
              "bowler": "AU Rashid",
              "non_striker": "MN Samuels",
              "runs": {
                "batter": 1,
                "extras": 0,
                "total": 1
              }
            },
            {
              "batter": "MN Samuels",
              "bowler": "AU Rashid",
              "non_striker": "DJ Bravo",
              "runs": {
                "batter": 1,
                "extras": 0,
                "total": 1
              }
            },
            {
              "batter": "DJ Bravo",
              "bowler": "AU Rashid",
              "non_striker": "MN Samuels",
              "runs": {
                "batter": 0,
                "extras": 0,
                "total": 0
              },
              "wickets": [
                {
                  "kind": "caught",
                  "player_out": "DJ Bravo",
                  "fielders": [
                    {
                      "name": "JE Root"
                    }
                  ]
                }
              ]
            }
          ]
        },
        {
          "over": 14,
          "deliveries": [
            {
              "batter": "MN Samuels",
              "bowler": "LE Plunkett",
              "non_striker": "AD Russell",
              "runs": {
                "batter": 4,
                "extras": 0,
                "total": 4
              }
            },
            {
              "batter": "MN Samuels",
              "bowler": "LE Plunkett",
              "non_striker": "AD Russell",
              "runs": {
                "batter": 1,
                "extras": 0,
                "total": 1
              }
            },
            {
              "batter": "AD Russell",
              "bowler": "LE Plunkett",
              "non_striker": "MN Samuels",
              "runs": {
                "batter": 0,
                "extras": 0,
                "total": 0
              }
            },
            {
              "batter": "AD Russell",
              "bowler": "LE Plunkett",
              "non_striker": "MN Samuels",
              "runs": {
                "batter": 1,
                "extras": 0,
                "total": 1
              }
            },
            {
              "batter": "MN Samuels",
              "bowler": "LE Plunkett",
              "non_striker": "AD Russell",
              "runs": {
                "batter": 6,
                "extras": 0,
                "total": 6
              }
            },
            {
              "batter": "MN Samuels",
              "bowler": "LE Plunkett",
              "non_striker": "AD Russell",
              "runs": {
                "batter": 6,
                "extras": 0,
                "total": 6
              }
            }
          ]
        },
        {
          "over": 15,
          "deliveries": [
            {
              "batter": "AD Russell",
              "bowler": "DJ Willey",
              "non_striker": "MN Samuels",
              "runs": {
                "batter": 0,
                "extras": 0,
                "total": 0
              },
              "wickets": [
                {
                  "kind": "caught",
                  "player_out": "AD Russell",
                  "fielders": [
                    {
                      "name": "BA Stokes"
                    }
                  ]
                }
              ]
            },
            {
              "batter": "DJG Sammy",
              "bowler": "DJ Willey",
              "extras": {
                "wides": 1
              },
              "non_striker": "MN Samuels",
              "runs": {
                "batter": 0,
                "extras": 1,
                "total": 1
              }
            },
            {
              "batter": "DJG Sammy",
              "bowler": "DJ Willey",
              "non_striker": "MN Samuels",
              "runs": {
                "batter": 2,
                "extras": 0,
                "total": 2
              }
            },
            {
              "batter": "DJG Sammy",
              "bowler": "DJ Willey",
              "non_striker": "MN Samuels",
              "runs": {
                "batter": 0,
                "extras": 0,
                "total": 0
              },
              "wickets": [
                {
                  "kind": "caught",
                  "player_out": "DJG Sammy",
                  "fielders": [
                    {
                      "name": "AD Hales"
                    }
                  ]
                }
              ]
            },
            {
              "batter": "MN Samuels",
              "bowler": "DJ Willey",
              "non_striker": "CR Brathwaite",
              "runs": {
                "batter": 0,
                "extras": 0,
                "total": 0
              }
            },
            {
              "batter": "MN Samuels",
              "bowler": "DJ Willey",
              "non_striker": "CR Brathwaite",
              "runs": {
                "batter": 2,
                "extras": 0,
                "total": 2
              }
            },
            {
              "batter": "MN Samuels",
              "bowler": "DJ Willey",
              "extras": {
                "wides": 1
              },
              "non_striker": "CR Brathwaite",
              "runs": {
                "batter": 0,
                "extras": 1,
                "total": 1
              }
            },
            {
              "batter": "MN Samuels",
              "bowler": "DJ Willey",
              "non_striker": "CR Brathwaite",
              "runs": {
                "batter": 1,
                "extras": 0,
                "total": 1
              }
            }
          ]
        },
        {
          "over": 16,
          "deliveries": [
            {
              "batter": "MN Samuels",
              "bowler": "CJ Jordan",
              "non_striker": "CR Brathwaite",
              "runs": {
                "batter": 0,
                "extras": 0,
                "total": 0
              }
            },
            {
              "batter": "MN Samuels",
              "bowler": "CJ Jordan",
              "non_striker": "CR Brathwaite",
              "runs": {
                "batter": 4,
                "extras": 0,
                "total": 4
              }
            },
            {
              "batter": "MN Samuels",
              "bowler": "CJ Jordan",
              "non_striker": "CR Brathwaite",
              "runs": {
                "batter": 1,
                "extras": 0,
                "total": 1
              }
            },
            {
              "batter": "CR Brathwaite",
              "bowler": "CJ Jordan",
              "non_striker": "MN Samuels",
              "runs": {
                "batter": 1,
                "extras": 0,
                "total": 1
              }
            },
            {
              "batter": "MN Samuels",
              "bowler": "CJ Jordan",
              "non_striker": "CR Brathwaite",
              "runs": {
                "batter": 0,
                "extras": 0,
                "total": 0
              }
            },
            {
              "batter": "MN Samuels",
              "bowler": "CJ Jordan",
              "non_striker": "CR Brathwaite",
              "runs": {
                "batter": 1,
                "extras": 0,
                "total": 1
              }
            }
          ]
        },
        {
          "over": 17,
          "deliveries": [
            {
              "batter": "MN Samuels",
              "bowler": "DJ Willey",
              "non_striker": "CR Brathwaite",
              "runs": {
                "batter": 2,
                "extras": 0,
                "total": 2
              }
            },
            {
              "batter": "MN Samuels",
              "bowler": "DJ Willey",
              "extras": {
                "legbyes": 1
              },
              "non_striker": "CR Brathwaite",
              "runs": {
                "batter": 0,
                "extras": 1,
                "total": 1
              }
            },
            {
              "batter": "CR Brathwaite",
              "bowler": "DJ Willey",
              "non_striker": "MN Samuels",
              "runs": {
                "batter": 2,
                "extras": 0,
                "total": 2
              }
            },
            {
              "batter": "CR Brathwaite",
              "bowler": "DJ Willey",
              "non_striker": "MN Samuels",
              "runs": {
                "batter": 1,
                "extras": 0,
                "total": 1
              }
            },
            {
              "batter": "MN Samuels",
              "bowler": "DJ Willey",
              "non_striker": "CR Brathwaite",
              "runs": {
                "batter": 1,
                "extras": 0,
                "total": 1
              }
            },
            {
              "batter": "CR Brathwaite",
              "bowler": "DJ Willey",
              "non_striker": "MN Samuels",
              "runs": {
                "batter": 4,
                "extras": 0,
                "total": 4
              }
            }
          ]
        },
        {
          "over": 18,
          "deliveries": [
            {
              "batter": "MN Samuels",
              "bowler": "CJ Jordan",
              "non_striker": "CR Brathwaite",
              "runs": {
                "batter": 4,
                "extras": 0,
                "total": 4
              }
            },
            {
              "batter": "MN Samuels",
              "bowler": "CJ Jordan",
              "non_striker": "CR Brathwaite",
              "runs": {
                "batter": 1,
                "extras": 0,
                "total": 1
              }
            },
            {
              "batter": "CR Brathwaite",
              "bowler": "CJ Jordan",
              "non_striker": "MN Samuels",
              "runs": {
                "batter": 1,
                "extras": 0,
                "total": 1
              }
            },
            {
              "batter": "MN Samuels",
              "bowler": "CJ Jordan",
              "non_striker": "CR Brathwaite",
              "runs": {
                "batter": 1,
                "extras": 0,
                "total": 1
              }
            },
            {
              "batter": "CR Brathwaite",
              "bowler": "CJ Jordan",
              "non_striker": "MN Samuels",
              "runs": {
                "batter": 1,
                "extras": 0,
                "total": 1
              }
            },
            {
              "batter": "MN Samuels",
              "bowler": "CJ Jordan",
              "non_striker": "CR Brathwaite",
              "runs": {
                "batter": 0,
                "extras": 0,
                "total": 0
              }
            }
          ]
        },
        {
          "over": 19,
          "deliveries": [
            {
              "batter": "CR Brathwaite",
              "bowler": "BA Stokes",
              "non_striker": "MN Samuels",
              "runs": {
                "batter": 6,
                "extras": 0,
                "total": 6
              }
            },
            {
              "batter": "CR Brathwaite",
              "bowler": "BA Stokes",
              "non_striker": "MN Samuels",
              "runs": {
                "batter": 6,
                "extras": 0,
                "total": 6
              }
            },
            {
              "batter": "CR Brathwaite",
              "bowler": "BA Stokes",
              "non_striker": "MN Samuels",
              "runs": {
                "batter": 6,
                "extras": 0,
                "total": 6
              }
            },
            {
              "batter": "CR Brathwaite",
              "bowler": "BA Stokes",
              "non_striker": "MN Samuels",
              "runs": {
                "batter": 6,
                "extras": 0,
                "total": 6
              }
            }
          ]
        }
      ],
      "powerplays": [
        {
          "from": 0.1,
          "to": 5.7,
          "type": "mandatory"
        }
      ],
      "target": {
        "overs": 20,
        "runs": 156
      }
    }
  ]
}